{"training/episode_steps":10,"disc_reward/discounted_reward":-187.2808711608861,"quantile/q_est":-34.85451126098633,"disc_reward/aver_reward":-65.06843264249585,"_wandb":{"runtime":450},"quantile/crossing_rate":0,"buffer/size":100000,"quantile/q_est_upper":-34.499813079833984,"action/avg_risk_episode":-11.67511339187622,"constraint/margin":-137.76748106046063,"_runtime":450.7102882,"density/estimate":0.028228504583239555,"training/learning_steps":100010,"training/total_steps":100010,"_step":10000,"lambda/value":14.807415962219238,"disc_reward/raw_reward":-192.06200901460352,"disc_reward/quantile_reward":-133.76748106046063,"_timestamp":1.7708097140200372e+09,"quantile/q_est_lower":-35.208316802978516}